{"stats":{"minecraft:custom":{"minecraft:talked_to_villager":1,"minecraft:time_since_rest":9585,"minecraft:leave_game":7,"minecraft:damage_taken":730,"minecraft:mob_kills":18,"minecraft:time_since_death":84940,"minecraft:interact_with_furnace":18,"minecraft:sleep_in_bed":20,"minecraft:total_world_time":261496,"minecraft:swim_one_cm":17887,"minecraft:crouch_one_cm":77685,"minecraft:deaths":1,"minecraft:climb_one_cm":7592,"minecraft:interact_with_crafting_table":48,"minecraft:walk_one_cm":1326255,"minecraft:walk_under_water_one_cm":20707,"minecraft:play_time":258437,"minecraft:damage_dealt":2471,"minecraft:jump":1727,"minecraft:drop":3,"minecraft:sprint_one_cm":296013,"minecraft:open_chest":54,"minecraft:fall_one_cm":19563,"minecraft:fly_one_cm":204974,"minecraft:walk_on_water_one_cm":33852,"minecraft:sneak_time":20443},"minecraft:mined":{"minecraft:wildflowers":107,"minecraft:torch":6,"minecraft:birch_stairs":2,"minecraft:dirt":1019,"minecraft:bush":6,"minecraft:chest":2,"minecraft:birch_leaves":203,"minecraft:coal_ore":38,"minecraft:grass_block":1568,"minecraft:sugar_cane":33,"minecraft:spruce_leaves":5,"minecraft:short_grass":57,"minecraft:wall_torch":5,"minecraft:sand":40,"minecraft:furnace":3,"minecraft:birch_log":319,"minecraft:oak_log":4,"minecraft:birch_planks":12,"minecraft:lilac":1,"minecraft:iron_ore":3,"minecraft:copper_ore":6,"minecraft:stone":267,"minecraft:lapis_ore":4},"minecraft:killed":{"minecraft:pillager":2,"minecraft:trader_llama":2,"minecraft:sheep":4,"minecraft:pig":5,"minecraft:cow":3,"minecraft:squid":1,"minecraft:wandering_trader":1},"minecraft:broken":{"minecraft:stone_shovel":16,"minecraft:wooden_axe":1,"minecraft:wooden_sword":1,"minecraft:stone_pickaxe":1,"minecraft:wooden_pickaxe":2,"minecraft:wooden_shovel":4},"minecraft:used":{"minecraft:stone_axe":101,"minecraft:birch_slab":49,"minecraft:birch_stairs":30,"minecraft:lightning_rod":1,"minecraft:stone_shovel":2102,"minecraft:birch_planks":396,"minecraft:water_bucket":7,"minecraft:wooden_axe":61,"minecraft:wooden_sword":59,"minecraft:ladder":4,"minecraft:furnace":5,"minecraft:cooked_porkchop":5,"minecraft:torch":53,"minecraft:dirt":2578,"minecraft:stone_sword":15,"minecraft:wooden_pickaxe":118,"minecraft:birch_log":1,"minecraft:cobblestone":9,"minecraft:wooden_shovel":236,"minecraft:cooked_beef":5,"minecraft:bucket":8,"minecraft:crafting_table":3,"minecraft:chest":4,"minecraft:white_bed":1,"minecraft:sugar_cane":12,"minecraft:stone_pickaxe":205,"minecraft:oak_door":1},"minecraft:crafted":{"minecraft:stone_sword":1,"minecraft:wooden_axe":1,"minecraft:stone_shovel":16,"minecraft:wooden_sword":1,"minecraft:birch_planks":536,"minecraft:stone_pickaxe":2,"minecraft:stick":24,"minecraft:charcoal":4,"minecraft:wooden_pickaxe":2,"minecraft:oak_door":3,"minecraft:cooked_beef":5,"minecraft:cooked_porkchop":1,"minecraft:chest":2,"minecraft:lightning_rod":1,"minecraft:wooden_shovel":4,"minecraft:bucket":1,"minecraft:furnace":2,"minecraft:birch_boat":1,"minecraft:ladder":12,"minecraft:iron_ingot":3,"minecraft:copper_ingot":12,"minecraft:crafting_table":3,"minecraft:torch":40,"minecraft:white_bed":1,"minecraft:birch_slab":60,"minecraft:stone_axe":1,"minecraft:oak_planks":8,"minecraft:birch_stairs":32},"minecraft:killed_by":{"minecraft:enderman":1},"minecraft:dropped":{"minecraft:torch":1,"minecraft:dirt":1,"minecraft:birch_stairs":1},"minecraft:picked_up":{"minecraft:dirt":2818,"minecraft:cobblestone":427,"minecraft:sugar_cane":64,"minecraft:leather":2,"minecraft:torch":28,"minecraft:lead":2,"minecraft:coal":65,"minecraft:stone_pickaxe":2,"minecraft:oak_log":6,"minecraft:sand":80,"minecraft:furnace":3,"minecraft:birch_planks":58,"minecraft:birch_log":387,"minecraft:wheat_seeds":14,"minecraft:lapis_lazuli":60,"minecraft:birch_stairs":3,"minecraft:porkchop":10,"minecraft:ink_sac":2,"minecraft:stick":99,"minecraft:birch_sapling":142,"minecraft:wooden_sword":1,"minecraft:white_wool":5,"minecraft:wildflowers":859,"minecraft:charcoal":8,"minecraft:cooked_porkchop":9,"minecraft:stone_shovel":1,"minecraft:raw_copper":20,"minecraft:lilac":2,"minecraft:raw_iron":3,"minecraft:beef":5,"minecraft:crossbow":2,"minecraft:ladder":8,"minecraft:mutton":14,"minecraft:chest":2}},"DataVersion":4440}