{"stats":{"minecraft:custom":{"minecraft:talked_to_villager":3,"minecraft:time_since_rest":8521,"minecraft:leave_game":16,"minecraft:damage_taken":870,"minecraft:mob_kills":26,"minecraft:time_since_death":171815,"minecraft:interact_with_furnace":22,"minecraft:sleep_in_bed":27,"minecraft:total_world_time":348920,"minecraft:swim_one_cm":24641,"minecraft:crouch_one_cm":94174,"minecraft:deaths":1,"minecraft:climb_one_cm":11475,"minecraft:interact_with_crafting_table":61,"minecraft:walk_one_cm":1782254,"minecraft:walk_under_water_one_cm":110784,"minecraft:play_time":345312,"minecraft:damage_dealt":3741,"minecraft:jump":2072,"minecraft:drop":4,"minecraft:sprint_one_cm":371719,"minecraft:open_chest":65,"minecraft:fall_one_cm":20523,"minecraft:fly_one_cm":261799,"minecraft:walk_on_water_one_cm":62192,"minecraft:sneak_time":24687},"minecraft:mined":{"minecraft:torch":6,"minecraft:birch_stairs":2,"minecraft:bush":6,"minecraft:chest":2,"minecraft:coal_ore":57,"minecraft:sugar_cane":46,"minecraft:short_grass":59,"minecraft:furnace":3,"minecraft:birch_log":319,"minecraft:lilac":1,"minecraft:copper_ore":14,"minecraft:wildflowers":107,"minecraft:tall_seagrass":5,"minecraft:dirt":1491,"minecraft:birch_leaves":203,"minecraft:grass_block":2071,"minecraft:spruce_leaves":5,"minecraft:wall_torch":5,"minecraft:sand":40,"minecraft:cobblestone_slab":1,"minecraft:seagrass":3,"minecraft:oak_log":4,"minecraft:birch_planks":13,"minecraft:iron_ore":3,"minecraft:stone":674,"minecraft:lapis_ore":9},"minecraft:killed":{"minecraft:pillager":2,"minecraft:trader_llama":4,"minecraft:sheep":4,"minecraft:pig":5,"minecraft:cow":3,"minecraft:drowned":1,"minecraft:squid":5,"minecraft:wandering_trader":2},"minecraft:broken":{"minecraft:stone_shovel":23,"minecraft:wooden_axe":1,"minecraft:wooden_sword":1,"minecraft:stone_pickaxe":4,"minecraft:wooden_pickaxe":2,"minecraft:wooden_shovel":4},"minecraft:used":{"minecraft:stone_axe":101,"minecraft:birch_slab":49,"minecraft:birch_stairs":30,"minecraft:lightning_rod":1,"minecraft:stone_shovel":3031,"minecraft:birch_planks":396,"minecraft:water_bucket":7,"minecraft:wooden_axe":61,"minecraft:wooden_sword":59,"minecraft:ladder":4,"minecraft:furnace":5,"minecraft:cooked_porkchop":9,"minecraft:torch":105,"minecraft:dirt":3452,"minecraft:stone_sword":40,"minecraft:cobblestone_slab":127,"minecraft:wooden_pickaxe":118,"minecraft:birch_log":1,"minecraft:cobblestone":44,"minecraft:wooden_shovel":236,"minecraft:cooked_beef":5,"minecraft:bucket":8,"minecraft:crafting_table":5,"minecraft:chest":4,"minecraft:white_bed":1,"minecraft:sugar_cane":12,"minecraft:stone_pickaxe":645,"minecraft:oak_door":1},"minecraft:crafted":{"minecraft:stone_sword":1,"minecraft:wooden_axe":1,"minecraft:stone_shovel":24,"minecraft:wooden_sword":1,"minecraft:birch_planks":544,"minecraft:stone_pickaxe":5,"minecraft:stick":36,"minecraft:charcoal":44,"minecraft:wooden_pickaxe":2,"minecraft:oak_door":3,"minecraft:cooked_beef":5,"minecraft:cooked_porkchop":1,"minecraft:chest":2,"minecraft:lightning_rod":1,"minecraft:wooden_shovel":4,"minecraft:bucket":1,"minecraft:furnace":2,"minecraft:birch_boat":1,"minecraft:ladder":12,"minecraft:iron_ingot":3,"minecraft:copper_ingot":12,"minecraft:cobblestone_slab":162,"minecraft:crafting_table":5,"minecraft:torch":116,"minecraft:white_bed":1,"minecraft:birch_slab":60,"minecraft:stone_axe":2,"minecraft:oak_planks":8,"minecraft:birch_stairs":32},"minecraft:killed_by":{"minecraft:enderman":1},"minecraft:dropped":{"minecraft:torch":1,"minecraft:dirt":2,"minecraft:birch_stairs":1},"minecraft:picked_up":{"minecraft:dirt":3794,"minecraft:cobblestone":834,"minecraft:sugar_cane":88,"minecraft:leather":5,"minecraft:torch":31,"minecraft:lead":4,"minecraft:coal":84,"minecraft:stone_pickaxe":2,"minecraft:oak_log":6,"minecraft:sand":80,"minecraft:furnace":3,"minecraft:birch_planks":59,"minecraft:birch_log":387,"minecraft:wheat_seeds":18,"minecraft:lapis_lazuli":96,"minecraft:birch_stairs":3,"minecraft:porkchop":10,"minecraft:ink_sac":12,"minecraft:stick":99,"minecraft:birch_sapling":142,"minecraft:poppy":1,"minecraft:wooden_sword":1,"minecraft:white_wool":5,"minecraft:wildflowers":882,"minecraft:charcoal":8,"minecraft:cooked_porkchop":9,"minecraft:stone_shovel":1,"minecraft:raw_copper":48,"minecraft:lilac":2,"minecraft:raw_iron":3,"minecraft:beef":5,"minecraft:crossbow":2,"minecraft:cobblestone_slab":1,"minecraft:ladder":8,"minecraft:mutton":14,"minecraft:chest":2}},"DataVersion":4440}